model,mem_retention,pair_category,n_trials,accuracy,accuracy_lo,accuracy_hi
fast,0.05,off_off,60,0.8166666666666667,0.7179311966874588,0.9154021366458746
slow,0.05,off_off,60,0.16666666666666666,0.0715703234092016,0.2617630099241317
fast,0.05,on_off,30,0.8333333333333334,0.6976923829055581,0.9689742837611086
slow,0.05,on_off,30,0.0,0.0,0.0
fast,0.05,on_on,10,1.0,1.0,1.0
slow,0.05,on_on,10,0.0,0.0,0.0
fast,0.1,off_off,60,0.8166666666666667,0.7179311966874588,0.9154021366458746
slow,0.1,off_off,60,0.0,0.0,0.0
fast,0.1,on_off,30,0.8333333333333334,0.6976923829055581,0.9689742837611086
slow,0.1,on_off,30,0.0,0.0,0.0
fast,0.1,on_on,10,1.0,1.0,1.0
slow,0.1,on_on,10,1.0,1.0,1.0
fast,0.15,off_off,60,0.8166666666666667,0.7179311966874588,0.9154021366458746
slow,0.15,off_off,60,0.16666666666666666,0.0715703234092016,0.2617630099241317
fast,0.15,on_off,30,0.8333333333333334,0.6976923829055581,0.9689742837611086
slow,0.15,on_off,30,0.0,0.0,0.0
fast,0.15,on_on,10,1.0,1.0,1.0
slow,0.15,on_on,10,1.0,1.0,1.0
fast,0.2,off_off,60,0.8166666666666667,0.7179311966874588,0.9154021366458746
slow,0.2,off_off,60,0.0,0.0,0.0
fast,0.2,on_off,30,0.8333333333333334,0.6976923829055581,0.9689742837611086
slow,0.2,on_off,30,0.0,0.0,0.0
fast,0.2,on_on,10,1.0,1.0,1.0
slow,0.2,on_on,10,1.0,1.0,1.0
fast,0.25,off_off,60,0.8166666666666667,0.7179311966874588,0.9154021366458746
slow,0.25,off_off,60,0.0,0.0,0.0
fast,0.25,on_off,30,0.8333333333333334,0.6976923829055581,0.9689742837611086
slow,0.25,on_off,30,0.3333333333333333,0.16175959439662918,0.5049070722700375
fast,0.25,on_on,10,1.0,1.0,1.0
slow,0.25,on_on,10,1.0,1.0,1.0
fast,0.3,off_off,60,0.9,0.8234489203432755,0.9765510796567245
slow,0.3,off_off,60,0.0,0.0,0.0
fast,0.3,on_off,30,0.8333333333333334,0.6976923829055581,0.9689742837611086
slow,0.3,on_off,30,0.0,0.0,0.0
fast,0.3,on_on,10,1.0,1.0,1.0
slow,0.3,on_on,10,1.0,1.0,1.0
fast,0.35,off_off,60,0.9166666666666666,0.8461413309672324,0.9871920023661008
slow,0.35,off_off,60,0.16666666666666666,0.0715703234092016,0.2617630099241317
fast,0.35,on_off,30,0.8333333333333334,0.6976923829055581,0.9689742837611086
slow,0.35,on_off,30,0.0,0.0,0.0
fast,0.35,on_on,10,1.0,1.0,1.0
slow,0.35,on_on,10,1.0,1.0,1.0
fast,0.4,off_off,60,0.9666666666666667,0.9208622022093842,1.0
slow,0.4,off_off,60,0.16666666666666666,0.0715703234092016,0.2617630099241317
fast,0.4,on_off,30,0.8666666666666667,0.7429430840147948,0.9903902493185386
slow,0.4,on_off,30,0.3333333333333333,0.16175959439662918,0.5049070722700375
fast,0.4,on_on,10,1.0,1.0,1.0
slow,0.4,on_on,10,1.0,1.0,1.0
fast,0.45,off_off,60,0.9666666666666667,0.9208622022093842,1.0
slow,0.45,off_off,60,0.16666666666666666,0.0715703234092016,0.2617630099241317
fast,0.45,on_off,30,0.9333333333333333,0.8425450443861255,1.0
slow,0.45,on_off,30,0.3333333333333333,0.16175959439662918,0.5049070722700375
fast,0.45,on_on,10,1.0,1.0,1.0
slow,0.45,on_on,10,1.0,1.0,1.0
fast,0.5,off_off,60,1.0,1.0,1.0
slow,0.5,off_off,60,0.16666666666666666,0.0715703234092016,0.2617630099241317
fast,0.5,on_off,30,1.0,1.0,1.0
slow,0.5,on_off,30,0.0,0.0,0.0
fast,0.5,on_on,10,1.0,1.0,1.0
slow,0.5,on_on,10,1.0,1.0,1.0
fast,0.55,off_off,60,1.0,1.0,1.0
slow,0.55,off_off,60,0.16666666666666666,0.0715703234092016,0.2617630099241317
fast,0.55,on_off,30,1.0,1.0,1.0
slow,0.55,on_off,30,0.3333333333333333,0.16175959439662918,0.5049070722700375
fast,0.55,on_on,10,1.0,1.0,1.0
slow,0.55,on_on,10,1.0,1.0,1.0
fast,0.6,off_off,60,1.0,1.0,1.0
slow,0.6,off_off,60,0.3333333333333333,0.21304491659461905,0.4536217500720476
fast,0.6,on_off,30,1.0,1.0,1.0
slow,0.6,on_off,30,0.6666666666666666,0.4950929277299625,0.8382404056033708
fast,0.6,on_on,10,1.0,1.0,1.0
slow,0.6,on_on,10,1.0,1.0,1.0
fast,0.65,off_off,60,1.0,1.0,1.0
slow,0.65,off_off,60,0.16666666666666666,0.0715703234092016,0.2617630099241317
fast,0.65,on_off,30,1.0,1.0,1.0
slow,0.65,on_off,30,0.6666666666666666,0.4950929277299625,0.8382404056033708
fast,0.65,on_on,10,1.0,1.0,1.0
slow,0.65,on_on,10,1.0,1.0,1.0
fast,0.7,off_off,60,1.0,1.0,1.0
slow,0.7,off_off,60,0.8333333333333334,0.7382369900758683,0.9284296765907984
fast,0.7,on_off,30,1.0,1.0,1.0
slow,0.7,on_off,30,1.0,1.0,1.0
fast,0.7,on_on,10,1.0,1.0,1.0
slow,0.7,on_on,10,1.0,1.0,1.0
fast,0.75,off_off,60,1.0,1.0,1.0
slow,0.75,off_off,60,0.6666666666666666,0.5463782499279524,0.7869550834053809
fast,0.75,on_off,30,1.0,1.0,1.0
slow,0.75,on_off,30,1.0,1.0,1.0
fast,0.75,on_on,10,1.0,1.0,1.0
slow,0.75,on_on,10,1.0,1.0,1.0
fast,0.8,off_off,60,1.0,1.0,1.0
slow,0.8,off_off,60,1.0,1.0,1.0
fast,0.8,on_off,30,1.0,1.0,1.0
slow,0.8,on_off,30,1.0,1.0,1.0
fast,0.8,on_on,10,1.0,1.0,1.0
slow,0.8,on_on,10,1.0,1.0,1.0
fast,0.85,off_off,60,0.95,0.8943869299595676,1.0
slow,0.85,off_off,60,1.0,1.0,1.0
fast,0.85,on_off,30,1.0,1.0,1.0
slow,0.85,on_off,30,1.0,1.0,1.0
fast,0.85,on_on,10,1.0,1.0,1.0
slow,0.85,on_on,10,1.0,1.0,1.0
fast,0.9,off_off,60,0.9166666666666666,0.8461413309672324,0.9871920023661008
slow,0.9,off_off,60,1.0,1.0,1.0
fast,0.9,on_off,30,0.9666666666666667,0.9013333333333333,1.0
slow,0.9,on_off,30,1.0,1.0,1.0
fast,0.9,on_on,10,1.0,1.0,1.0
slow,0.9,on_on,10,1.0,1.0,1.0
fast,0.95,off_off,60,0.8666666666666667,0.7799254557875037,0.9534078775458297
slow,0.95,off_off,60,1.0,1.0,1.0
fast,0.95,on_off,30,0.9666666666666667,0.9013333333333333,1.0
slow,0.95,on_off,30,1.0,1.0,1.0
fast,0.95,on_on,10,1.0,1.0,1.0
slow,0.95,on_on,10,1.0,1.0,1.0
fast,0.99,off_off,60,0.8666666666666667,0.7799254557875037,0.9534078775458297
slow,0.99,off_off,60,0.8333333333333334,0.7382369900758683,0.9284296765907984
fast,0.99,on_off,30,0.9666666666666667,0.9013333333333333,1.0
slow,0.99,on_off,30,1.0,1.0,1.0
fast,0.99,on_on,10,1.0,1.0,1.0
slow,0.99,on_on,10,1.0,1.0,1.0
