model,mem_retention,n_trials,accuracy,accuracy_lo,accuracy_hi,mean_steps,mean_steps_lo,mean_steps_hi,mae,mae_lo,mae_hi
fast,0.05,100,0.84,0.7677832219612157,0.9122167780387842,6.65,6.437153301243085,6.862846698756916,0.033999999999999975,0.026012895241438058,0.04198710475856189
slow,0.05,100,0.1,0.04090377646275834,0.15909622353724168,10.0,10.0,10.0,0.3500000000000001,0.3134112121827002,0.3865887878173
fast,0.1,100,0.84,0.7677832219612157,0.9122167780387842,6.65,6.437153301243085,6.862846698756916,0.033999999999999975,0.026012895241438058,0.04198710475856189
slow,0.1,100,0.1,0.04090377646275834,0.15909622353724168,10.0,10.0,10.0,0.38,0.3299326352790462,0.4300673647209538
fast,0.15,100,0.84,0.7677832219612157,0.9122167780387842,6.65,6.437153301243085,6.862846698756916,0.033999999999999975,0.026012895241438058,0.04198710475856189
slow,0.15,100,0.2,0.12120503528367778,0.27879496471632226,10.0,10.0,10.0,0.2700000000000001,0.23757177934345627,0.3024282206565439
fast,0.2,100,0.84,0.7677832219612157,0.9122167780387842,6.65,6.437153301243085,6.862846698756916,0.033999999999999975,0.026012895241438058,0.04198710475856189
slow,0.2,100,0.1,0.04090377646275834,0.15909622353724168,10.0,10.0,10.0,0.36,0.3092398947713041,0.4107601052286959
fast,0.25,100,0.84,0.7677832219612157,0.9122167780387842,6.45,6.217964213836301,6.682035786163699,0.033999999999999975,0.026012895241438058,0.04198710475856189
slow,0.25,100,0.2,0.12120503528367778,0.27879496471632226,10.0,10.0,10.0,0.28,0.23702242069133814,0.32297757930866194
fast,0.3,100,0.89,0.8283646566038969,0.9516353433961031,6.2,5.957137608069629,6.442862391930372,0.028999999999999974,0.02201041583005919,0.035989584169940754
slow,0.3,100,0.1,0.04090377646275834,0.15909622353724168,10.0,10.0,10.0,0.28,0.2379349997928891,0.32206500020711093
fast,0.35,100,0.9,0.8409037764627584,0.9590962235372417,6.12,5.8751009905114255,6.364899009488575,0.027999999999999976,0.02113081423083395,0.034869185769166006
slow,0.35,100,0.2,0.12120503528367778,0.27879496471632226,10.0,10.0,10.0,0.15,0.1318386579946761,0.1681613420053239
fast,0.4,100,0.94,0.8932180817111153,0.9867819182888846,5.87,5.626093308120843,6.113906691879158,0.024999999999999974,0.018541335785602124,0.03145866421439782
slow,0.4,100,0.3,0.2097290274515197,0.3902709725484803,10.0,10.0,10.0,0.15,0.1288754535043598,0.17112454649564018
fast,0.45,100,0.96,0.9213985084288812,0.9986014915711188,5.75,5.509748027893609,5.990251972106391,0.02399999999999997,0.018012101091924346,0.029987898908075593
slow,0.45,100,0.3,0.2097290274515197,0.3902709725484803,10.0,10.0,10.0,0.15,0.1288754535043598,0.17112454649564018
fast,0.5,100,1.0,1.0,1.0,5.75,5.509748027893609,5.990251972106391,0.019999999999999973,0.015174813553610136,0.02482518644638981
slow,0.5,100,0.2,0.12120503528367778,0.27879496471632226,10.0,10.0,10.0,0.15999999999999998,0.14194580549030392,0.17805419450969603
fast,0.55,100,1.0,1.0,1.0,5.72,5.473836660944507,5.966163339055493,0.019999999999999973,0.015174813553610136,0.02482518644638981
slow,0.55,100,0.3,0.2097290274515197,0.3902709725484803,10.0,10.0,10.0,0.14,0.11991114686693093,0.16008885313306911
fast,0.6,100,1.0,1.0,1.0,5.66,5.405863334309107,5.914136665690894,0.019999999999999973,0.015174813553610136,0.02482518644638981
slow,0.6,100,0.5,0.4015062941045972,0.5984937058954027,10.0,10.0,10.0,0.08,0.06399666701381658,0.09600333298618342
fast,0.65,100,1.0,1.0,1.0,5.42,5.1849650410700745,5.655034958929925,0.019999999999999973,0.015174813553610136,0.02482518644638981
slow,0.65,100,0.4,0.30349627107220317,0.4965037289277969,10.0,10.0,10.0,0.09999999999999996,0.08131213325078636,0.11868786674921357
fast,0.7,100,1.0,1.0,1.0,5.34,5.115020022439706,5.564979977560293,0.019999999999999973,0.015174813553610136,0.02482518644638981
slow,0.7,100,0.9,0.8409037764627584,0.9590962235372417,10.0,10.0,10.0,0.029999999999999968,0.02097290274515194,0.039027097254848
fast,0.75,100,1.0,1.0,1.0,5.29,5.073681271445969,5.506318728554031,0.019999999999999973,0.015174813553610136,0.02482518644638981
slow,0.75,100,0.8,0.7212050352836779,0.8787949647163222,10.0,10.0,10.0,0.029999999999999936,0.023466666666666622,0.03653333333333325
fast,0.8,100,1.0,1.0,1.0,5.12,4.905509743104657,5.334490256895343,0.019999999999999973,0.015174813553610136,0.02482518644638981
slow,0.8,100,1.0,1.0,1.0,9.7,9.522711329388274,9.877288670611724,0.019999999999999973,0.015174813553610136,0.02482518644638981
fast,0.85,100,0.97,0.936396464832438,1.0,4.91,4.716801639591206,5.103198360408794,0.022999999999999972,0.01686170029793889,0.029138299702061055
slow,0.85,100,1.0,1.0,1.0,9.3,9.083313847030114,9.516686152969887,0.019999999999999973,0.015174813553610136,0.02482518644638981
fast,0.9,100,0.94,0.8932180817111153,0.9867819182888846,4.81,4.6389609224165245,4.981039077583475,0.024999999999999963,0.018541335785602117,0.03145866421439781
slow,0.9,100,1.0,1.0,1.0,9.0,8.73571365391441,9.26428634608559,0.019999999999999973,0.015174813553610136,0.02482518644638981
fast,0.95,100,0.91,0.8536257957121264,0.9663742042878737,4.22,4.0791023525011605,4.360897647498839,0.026999999999999965,0.019977184656169877,0.03402281534383005
slow,0.95,100,1.0,1.0,1.0,7.5,7.367856826957205,7.632143173042795,0.019999999999999973,0.015174813553610136,0.02482518644638981
fast,0.99,100,0.91,0.8536257957121264,0.9663742042878737,4.13,4.006493448421437,4.253506551578563,0.026999999999999965,0.019977184656169877,0.03402281534383005
slow,0.99,100,0.9,0.8409037764627584,0.9590962235372417,8.1,7.914162447391287,8.285837552608712,0.06999999999999998,0.04138592562172849,0.09861407437827147
