model,segment_tick_anchor_bias,pair_category,n_trials,accuracy,accuracy_lo,accuracy_hi
fast,0.0,off_off,60,0.8666666666666667,0.7799254557875037,0.9534078775458297
slow,0.0,off_off,60,1.0,1.0,1.0
fast,0.0,on_off,30,0.9666666666666667,0.9013333333333333,1.0
slow,0.0,on_off,30,1.0,1.0,1.0
fast,0.0,on_on,10,1.0,1.0,1.0
slow,0.0,on_on,10,1.0,1.0,1.0
fast,0.05,off_off,60,0.85,0.75888599058397,0.94111400941603
slow,0.05,off_off,60,1.0,1.0,1.0
fast,0.05,on_off,30,0.9,0.7908111411518935,1.0
slow,0.05,on_off,30,1.0,1.0,1.0
fast,0.05,on_on,10,1.0,1.0,1.0
slow,0.05,on_on,10,1.0,1.0,1.0
fast,0.1,off_off,60,0.7333333333333333,0.6204927962142386,0.846173870452428
slow,0.1,off_off,60,1.0,1.0,1.0
fast,0.1,on_off,30,0.8,0.6544148548691914,0.9455851451308087
slow,0.1,on_off,30,1.0,1.0,1.0
fast,0.1,on_on,10,1.0,1.0,1.0
slow,0.1,on_on,10,1.0,1.0,1.0
fast,0.15,off_off,60,0.65,0.5282915403410988,0.7717084596589012
slow,0.15,off_off,60,0.8333333333333334,0.7382369900758683,0.9284296765907984
fast,0.15,on_off,30,0.7,0.5332112630942344,0.8667887369057655
slow,0.15,on_off,30,1.0,1.0,1.0
fast,0.15,on_on,10,1.0,1.0,1.0
slow,0.15,on_on,10,1.0,1.0,1.0
fast,0.2,off_off,60,0.55,0.42305439574101844,0.6769456042589816
slow,0.2,off_off,60,0.6666666666666666,0.5463782499279524,0.7869550834053809
fast,0.2,on_off,30,0.4666666666666667,0.28509008877225117,0.6482432445610822
slow,0.2,on_off,30,1.0,1.0,1.0
fast,0.2,on_on,10,1.0,1.0,1.0
slow,0.2,on_on,10,1.0,1.0,1.0
fast,0.25,off_off,60,0.4666666666666667,0.33936537214973184,0.5939679611836015
slow,0.25,off_off,60,0.6666666666666666,0.5463782499279524,0.7869550834053809
fast,0.25,on_off,30,0.36666666666666664,0.1912749976858034,0.5420583356475299
slow,0.25,on_off,30,1.0,1.0,1.0
fast,0.25,on_on,10,1.0,1.0,1.0
slow,0.25,on_on,10,1.0,1.0,1.0
fast,0.3,off_off,60,0.3333333333333333,0.21304491659461905,0.4536217500720476
slow,0.3,off_off,60,0.5,0.37241486723879264,0.6275851327612074
fast,0.3,on_off,30,0.3333333333333333,0.16175959439662918,0.5049070722700375
slow,0.3,on_off,30,1.0,1.0,1.0
fast,0.3,on_on,10,1.0,1.0,1.0
slow,0.3,on_on,10,1.0,1.0,1.0
fast,0.35,off_off,60,0.23333333333333334,0.12540840999672492,0.34125825666994175
slow,0.35,off_off,60,0.5,0.37241486723879264,0.6275851327612074
fast,0.35,on_off,30,0.3333333333333333,0.16175959439662918,0.5049070722700375
slow,0.35,on_off,30,1.0,1.0,1.0
fast,0.35,on_on,10,1.0,1.0,1.0
slow,0.35,on_on,10,1.0,1.0,1.0
fast,0.4,off_off,60,0.16666666666666666,0.0715703234092016,0.2617630099241317
slow,0.4,off_off,60,0.3333333333333333,0.21304491659461905,0.4536217500720476
fast,0.4,on_off,30,0.3333333333333333,0.16175959439662918,0.5049070722700375
slow,0.4,on_off,30,0.6666666666666666,0.4950929277299625,0.8382404056033708
fast,0.4,on_on,10,1.0,1.0,1.0
slow,0.4,on_on,10,1.0,1.0,1.0
fast,0.45,off_off,60,0.16666666666666666,0.0715703234092016,0.2617630099241317
slow,0.45,off_off,60,0.3333333333333333,0.21304491659461905,0.4536217500720476
fast,0.45,on_off,30,0.3333333333333333,0.16175959439662918,0.5049070722700375
slow,0.45,on_off,30,0.6666666666666666,0.4950929277299625,0.8382404056033708
fast,0.45,on_on,10,1.0,1.0,1.0
slow,0.45,on_on,10,1.0,1.0,1.0
fast,0.5,off_off,60,0.16666666666666666,0.0715703234092016,0.2617630099241317
slow,0.5,off_off,60,0.0,0.0,0.0
fast,0.5,on_off,30,0.3333333333333333,0.16175959439662918,0.5049070722700375
slow,0.5,on_off,30,0.3333333333333333,0.16175959439662918,0.5049070722700375
fast,0.5,on_on,10,1.0,1.0,1.0
slow,0.5,on_on,10,1.0,1.0,1.0
fast,0.55,off_off,60,0.16666666666666666,0.0715703234092016,0.2617630099241317
slow,0.55,off_off,60,0.0,0.0,0.0
fast,0.55,on_off,30,0.26666666666666666,0.10571623285055706,0.42761710048277624
slow,0.55,on_off,30,0.3333333333333333,0.16175959439662918,0.5049070722700375
fast,0.55,on_on,10,1.0,1.0,1.0
slow,0.55,on_on,10,1.0,1.0,1.0
fast,0.6,off_off,60,0.16666666666666666,0.0715703234092016,0.2617630099241317
slow,0.6,off_off,60,0.0,0.0,0.0
fast,0.6,on_off,30,0.26666666666666666,0.10571623285055706,0.42761710048277624
slow,0.6,on_off,30,0.3333333333333333,0.16175959439662918,0.5049070722700375
fast,0.6,on_on,10,1.0,1.0,1.0
slow,0.6,on_on,10,1.0,1.0,1.0
fast,0.65,off_off,60,0.16666666666666666,0.0715703234092016,0.2617630099241317
slow,0.65,off_off,60,0.0,0.0,0.0
fast,0.65,on_off,30,0.26666666666666666,0.10571623285055706,0.42761710048277624
slow,0.65,on_off,30,0.3333333333333333,0.16175959439662918,0.5049070722700375
fast,0.65,on_on,10,1.0,1.0,1.0
slow,0.65,on_on,10,1.0,1.0,1.0
fast,0.7,off_off,60,0.15,0.05888599058396998,0.24111400941603
slow,0.7,off_off,60,0.0,0.0,0.0
fast,0.7,on_off,30,0.23333333333333334,0.0793942997725115,0.3872723668941552
slow,0.7,on_off,30,0.3333333333333333,0.16175959439662918,0.5049070722700375
fast,0.7,on_on,10,1.0,1.0,1.0
slow,0.7,on_on,10,1.0,1.0,1.0
fast,0.75,off_off,60,0.15,0.05888599058396998,0.24111400941603
slow,0.75,off_off,60,0.0,0.0,0.0
fast,0.75,on_off,30,0.2,0.05441485486919134,0.3455851451308087
slow,0.75,on_off,30,0.3333333333333333,0.16175959439662918,0.5049070722700375
fast,0.75,on_on,10,1.0,1.0,1.0
slow,0.75,on_on,10,1.0,1.0,1.0
fast,0.8,off_off,60,0.15,0.05888599058396998,0.24111400941603
slow,0.8,off_off,60,0.0,0.0,0.0
fast,0.8,on_off,30,0.2,0.05441485486919134,0.3455851451308087
slow,0.8,on_off,30,0.3333333333333333,0.16175959439662918,0.5049070722700375
fast,0.8,on_on,10,1.0,1.0,1.0
slow,0.8,on_on,10,1.0,1.0,1.0
fast,0.85,off_off,60,0.13333333333333333,0.046592122454170326,0.22007454421249634
slow,0.85,off_off,60,0.0,0.0,0.0
fast,0.85,on_off,30,0.2,0.05441485486919134,0.3455851451308087
slow,0.85,on_off,30,0.6666666666666666,0.4950929277299625,0.8382404056033708
fast,0.85,on_on,10,1.0,1.0,1.0
slow,0.85,on_on,10,1.0,1.0,1.0
fast,0.9,off_off,60,0.13333333333333333,0.046592122454170326,0.22007454421249634
slow,0.9,off_off,60,0.0,0.0,0.0
fast,0.9,on_off,30,0.2,0.05441485486919134,0.3455851451308087
slow,0.9,on_off,30,0.6666666666666666,0.4950929277299625,0.8382404056033708
fast,0.9,on_on,10,1.0,1.0,1.0
slow,0.9,on_on,10,1.0,1.0,1.0
fast,0.95,off_off,60,0.11666666666666667,0.03475122636571558,0.19858210696761774
slow,0.95,off_off,60,0.0,0.0,0.0
fast,0.95,on_off,30,0.2,0.05441485486919134,0.3455851451308087
slow,0.95,on_off,30,0.6666666666666666,0.4950929277299625,0.8382404056033708
fast,0.95,on_on,10,1.0,1.0,1.0
slow,0.95,on_on,10,1.0,1.0,1.0
