model,segment_tick_anchor_bias,n_trials,accuracy,accuracy_lo,accuracy_hi,mean_steps,mean_steps_lo,mean_steps_hi,mae,mae_lo,mae_hi
fast,0.0,100,0.91,0.8536257957121264,0.9663742042878737,4.17,4.042170498654882,4.2978295013451175,0.026999999999999965,0.019977184656169877,0.03402281534383005
slow,0.0,100,1.0,1.0,1.0,7.5,7.401506294104597,7.598493705895403,0.019999999999999973,0.015174813553610136,0.02482518644638981
fast,0.05,100,0.88,0.8159866680552663,0.9440133319447337,4.21,4.069889457782778,4.350110542217222,0.027999999999999973,0.021130814230833947,0.034869185769166
slow,0.05,100,1.0,1.0,1.0,7.5,7.401506294104597,7.598493705895403,0.019999999999999973,0.015174813553610136,0.02482518644638981
fast,0.1,100,0.78,0.6983986928209276,0.8616013071790725,4.18,4.0482096798514835,4.311790320148516,0.033999999999999975,0.02625962285260991,0.04174037714739004
slow,0.1,100,1.0,1.0,1.0,7.5,7.401506294104597,7.598493705895403,0.019999999999999973,0.015174813553610136,0.02482518644638981
fast,0.15,100,0.7,0.6097290274515197,0.7902709725484802,4.2,4.055244406608304,4.344755593391696,0.038999999999999986,0.030461101246695092,0.04753889875330488
slow,0.15,100,0.9,0.8409037764627584,0.9590962235372417,7.5,7.401506294104597,7.598493705895403,0.019999999999999973,0.015174813553610136,0.02482518644638981
fast,0.2,100,0.57,0.47247630901657633,0.6675236909834236,4.22,4.071069178828056,4.3689308211719435,0.04899999999999999,0.039975052309953206,0.05802494769004677
slow,0.2,100,0.8,0.7212050352836779,0.8787949647163222,7.5,7.401506294104597,7.598493705895403,0.029999999999999978,0.023466666666666643,0.036533333333333314
fast,0.25,100,0.49,0.3915259948160445,0.5884740051839554,4.22,4.073697885569385,4.3663021144306144,0.05299999999999999,0.043571317347282465,0.06242868265271752
slow,0.25,100,0.8,0.7212050352836779,0.8787949647163222,7.5,7.401506294104597,7.598493705895403,0.029999999999999978,0.023466666666666643,0.036533333333333314
fast,0.3,100,0.4,0.30349627107220317,0.4965037289277969,4.16,4.027212365185624,4.292787634814376,0.06499999999999999,0.05481173184094528,0.07518826815905469
slow,0.3,100,0.7,0.6097290274515197,0.7902709725484802,7.5,7.401506294104597,7.598493705895403,0.039999999999999994,0.030349627107220313,0.049650372892779675
fast,0.35,100,0.34,0.24668533520037345,0.4333146647996266,4.16,4.0243215685244085,4.295678431475592,0.07399999999999997,0.06353182871266377,0.08446817128733616
slow,0.35,100,0.7,0.6097290274515197,0.7902709725484802,7.5,7.401506294104597,7.598493705895403,0.039999999999999994,0.030349627107220313,0.049650372892779675
fast,0.4,100,0.3,0.2097290274515197,0.3902709725484803,4.2,4.042410070567356,4.357589929432645,0.08399999999999995,0.07313172051381177,0.09486827948618813
slow,0.4,100,0.5,0.4015062941045972,0.5984937058954027,7.5,7.401506294104597,7.598493705895403,0.05999999999999996,0.04851375877957728,0.07148624122042264
fast,0.45,100,0.3,0.2097290274515197,0.3902709725484803,4.19,4.035656874451629,4.344343125548372,0.08899999999999993,0.07754928593819346,0.10045071406180639
slow,0.45,100,0.5,0.4015062941045972,0.5984937058954027,7.5,7.401506294104597,7.598493705895403,0.05999999999999996,0.04851375877957728,0.07148624122042264
fast,0.5,100,0.3,0.2097290274515197,0.3902709725484803,4.21,4.044495401510375,4.375504598489625,0.09699999999999992,0.08440050281586875,0.10959949718413109
slow,0.5,100,0.2,0.12120503528367778,0.27879496471632226,8.2,7.953962801531347,8.446037198468652,0.10999999999999995,0.09769814007656732,0.12230185992343257
fast,0.55,100,0.28,0.1915528714685743,0.36844712853142575,4.3,4.114162447391287,4.485837552608713,0.12099999999999993,0.09764307374587985,0.14435692625412
slow,0.55,100,0.2,0.12120503528367778,0.27879496471632226,8.4,8.132793274142596,8.667206725857405,0.11999999999999997,0.10663966370712971,0.13336033629287022
fast,0.6,100,0.28,0.1915528714685743,0.36844712853142575,4.3,4.110032219637756,4.489967780362243,0.12599999999999992,0.10234182004490028,0.14965817995509956
slow,0.6,100,0.2,0.12120503528367778,0.27879496471632226,8.4,8.132793274142596,8.667206725857405,0.11999999999999997,0.10663966370712971,0.13336033629287022
fast,0.65,100,0.28,0.1915528714685743,0.36844712853142575,4.3,4.116262374154026,4.483737625845974,0.12799999999999995,0.10410355133945923,0.15189644866054067
slow,0.65,100,0.2,0.12120503528367778,0.27879496471632226,8.4,8.132793274142596,8.667206725857405,0.11999999999999997,0.10663966370712971,0.13336033629287022
fast,0.7,100,0.26,0.17359457555374563,0.3464054244462544,4.38,4.187435358878892,4.572564641121108,0.14799999999999994,0.11742186798419887,0.178578132015801
slow,0.7,100,0.2,0.12120503528367778,0.27879496471632226,8.4,8.132793274142596,8.667206725857405,0.11999999999999997,0.10663966370712971,0.13336033629287022
fast,0.75,100,0.25,0.16470194858170806,0.33529805141829194,4.59,4.375844693379932,4.804155306620068,0.16599999999999995,0.1312921820002606,0.2007078179997393
slow,0.75,100,0.2,0.12120503528367778,0.27879496471632226,8.9,8.629187082354559,9.170812917645442,0.12999999999999998,0.11461479130903167,0.14538520869096827
fast,0.8,100,0.25,0.16470194858170806,0.33529805141829194,4.71,4.483173464577627,4.936826535422373,0.16499999999999992,0.1302748570117334,0.19972514298826644
slow,0.8,100,0.2,0.12120503528367778,0.27879496471632226,8.9,8.629187082354559,9.170812917645442,0.12999999999999998,0.11461479130903167,0.14538520869096827
fast,0.85,100,0.24,0.15586999958577813,0.32413000041422185,5.08,4.823643757968949,5.3363562420310515,0.1879999999999999,0.14779526014173558,0.2282047398582642
slow,0.85,100,0.3,0.2097290274515197,0.3902709725484803,9.1,8.829187082354558,9.370812917645441,0.14999999999999997,0.12887545350435978,0.17112454649564016
fast,0.9,100,0.24,0.15586999958577813,0.32413000041422185,5.31,5.041785886827239,5.57821411317276,0.23099999999999996,0.18354320174084535,0.2784567982591546
slow,0.9,100,0.3,0.2097290274515197,0.3902709725484803,9.7,9.522711329388274,9.877288670611724,0.17999999999999997,0.15242176234928717,0.20757823765071276
fast,0.95,100,0.23,0.14710129340239647,0.31289870659760355,5.43,5.163877370106535,5.696122629893464,0.2609999999999999,0.20960213752823298,0.3123978624717668
slow,0.95,100,0.3,0.2097290274515197,0.3902709725484803,9.7,9.522711329388274,9.877288670611724,0.13999999999999996,0.11806441017410056,0.16193558982589934
